<?xml version="1.0" encoding="UTF-8"?>
<project-private xmlns="http://www.netbeans.org/ns/project-private/1">
    <editor-bookmarks xmlns="http://www.netbeans.org/ns/editor-bookmarks/2" lastBookmarkId="0"/>
    <open-files xmlns="http://www.netbeans.org/ns/projectui-open-files/2">
        <group>
            <file>file:/D:/Orlando%20Vasquez/Javeriana/Programacion%20Avanzada/202230/Ejercicios/Java%2004%20Taller%20Archivos/Demo%20Archivos/src/archivos/DML.java</file>
            <file>file:/D:/Orlando%20Vasquez/Javeriana/Programacion%20Avanzada/202230/Ejercicios/Java%2004%20Taller%20Archivos/Demo%20Archivos/src/archivos/Main.java</file>
        </group>
    </open-files>
</project-private>
