<?xml version="1.0" encoding="UTF-8"?>
<project-private xmlns="http://www.netbeans.org/ns/project-private/1">
    <editor-bookmarks xmlns="http://www.netbeans.org/ns/editor-bookmarks/2" lastBookmarkId="0"/>
    <open-files xmlns="http://www.netbeans.org/ns/projectui-open-files/2">
        <group>
            <file>file:/D:/Orlando%20Vasquez/Javeriana/Programacion%20Avanzada/202230/Ejercicios/Java%2003%20Excepciones%20y%20Arreglos/Excepciones%20y%20Arreglos/src/pkgExcepcion/ThrowException3.java</file>
            <file>file:/D:/Orlando%20Vasquez/Javeriana/Programacion%20Avanzada/202230/Ejercicios/Java%2003%20Excepciones%20y%20Arreglos/Excepciones%20y%20Arreglos/src/pkgExcepcion/Exception1_1.java</file>
            <file>file:/D:/Orlando%20Vasquez/Javeriana/Programacion%20Avanzada/202230/Ejercicios/Java%2003%20Excepciones%20y%20Arreglos/Excepciones%20y%20Arreglos/src/pkgExcepcion/ErrorEnteros.java</file>
            <file>file:/D:/Orlando%20Vasquez/Javeriana/Programacion%20Avanzada/202230/Ejercicios/Java%2003%20Excepciones%20y%20Arreglos/Excepciones%20y%20Arreglos/src/pkgExcepcion/ThrowException1.java</file>
            <file>file:/D:/Orlando%20Vasquez/Javeriana/Programacion%20Avanzada/202230/Ejercicios/Java%2003%20Excepciones%20y%20Arreglos/Excepciones%20y%20Arreglos/src/pkgExcepcion/ThrowException2.java</file>
            <file>file:/D:/Orlando%20Vasquez/Javeriana/Programacion%20Avanzada/202230/Ejercicios/Java%2003%20Excepciones%20y%20Arreglos/Excepciones%20y%20Arreglos/src/pkgExcepcion/Exception2_1.java</file>
            <file>file:/D:/Orlando%20Vasquez/Javeriana/Programacion%20Avanzada/202230/Ejercicios/Java%2003%20Excepciones%20y%20Arreglos/Excepciones%20y%20Arreglos/src/pkgExcepcion/MainLanzandoExcepciones.java</file>
            <file>file:/D:/Orlando%20Vasquez/Javeriana/Programacion%20Avanzada/202230/Ejercicios/Java%2003%20Excepciones%20y%20Arreglos/Excepciones%20y%20Arreglos/src/pkgExcepcion/LanzandoExcepciones.java</file>
            <file>file:/D:/Orlando%20Vasquez/Javeriana/Programacion%20Avanzada/202230/Ejercicios/Java%2003%20Excepciones%20y%20Arreglos/Excepciones%20y%20Arreglos/src/pkgExcepcion/YEsCero.java</file>
            <file>file:/D:/Orlando%20Vasquez/Javeriana/Programacion%20Avanzada/202230/Ejercicios/Java%2003%20Excepciones%20y%20Arreglos/Excepciones%20y%20Arreglos/src/pkgExcepcion/Exception2_2.java</file>
            <file>file:/D:/Orlando%20Vasquez/Javeriana/Programacion%20Avanzada/202230/Ejercicios/Java%2003%20Excepciones%20y%20Arreglos/Excepciones%20y%20Arreglos/src/pkgExcepcion/Exception2.java</file>
            <file>file:/D:/Orlando%20Vasquez/Javeriana/Programacion%20Avanzada/202230/Ejercicios/Java%2003%20Excepciones%20y%20Arreglos/Excepciones%20y%20Arreglos/src/pkgExcepcion/Exception1.java</file>
        </group>
    </open-files>
</project-private>
